Time,Acc_X,Acc_Y,Acc_Z,Gyro_X,Gyro_Y,Gyro_Z
2024-11-05 09:22:35.009261,0.09468653212541908,-0.025193370231864357,0.11042231942696812,0.11460949611878246,-0.018142709335289258,-0.0016224470243748493
2024-11-05 09:23:35.009261,-0.24982924804104276,0.061772837697739516,-0.1181994316139642,-0.03241760853703046,0.04768551512207411,0.057233293251676934
2024-11-05 09:24:35.009261,-0.14746313438718767,0.1305037303369831,0.21975400439636958,0.016190670905250212,0.07306858919146125,-0.1542897915567484
2024-11-05 09:25:35.009261,0.023583785413189805,-0.3967086042556891,-0.0343240298228651,0.006581090081825031,0.016285443453982383,-0.09020909805914204
2024-11-05 09:26:35.009261,-0.029252392151691665,0.08075081984732116,0.36571941443997047,0.03657591456101916,0.13145671374466084,-0.057953943034871065
2024-11-05 09:27:35.009261,-0.2971353311006311,-0.002476648811161896,-0.21069949340810565,0.023050059839738637,0.001759189660134258,-0.006711861650152827
2024-11-05 09:28:35.009261,0.3924044997962409,0.09240236730423637,-0.24583666738983054,0.014069853782333098,0.06394839992987895,0.002120556279559574
2024-11-05 09:29:35.009261,-0.22678975932508025,0.09836133605033424,-0.040841943935287194,0.07567244787172328,0.07005469161096427,-0.07900681672070452
2024-11-05 09:30:35.009261,0.10380105598171502,0.7940540189924283,0.09551190721385007,-0.017653939791197854,0.05806222169852927,-0.028384269878897937
2024-11-05 09:31:35.009261,0.4257090191771918,0.12218426766170996,-0.4118877101357355,-0.082808799591191,-0.03975619101158411,0.09127796721877318
2024-11-05 09:32:35.009261,-0.19988207429818391,-0.0002659011771452706,-0.6483342943281295,-0.014346185459041025,0.03294675537624745,0.06672338398462246
2024-11-05 09:33:35.009261,-0.02726499072921398,0.1257814540569298,0.06261031091475477,0.061081176897097446,-0.038049335755652045,0.0225801480703588
2024-11-05 09:34:35.009261,0.18609905192677575,0.15278326252447094,0.24900081500939097,0.005103819400523025,-0.025150676407212445,0.0501673116148052
2024-11-05 09:35:35.009261,0.08034882984982457,-0.10983247120286642,-0.14984638852766843,0.02277919918182797,-0.04249338853937089,0.020462057444808276
2024-11-05 09:36:35.009261,0.1305721670767662,-0.07146540873815938,0.04688699906936088,-0.04358670720981683,0.00937357585896855,0.004817214203801596
2024-11-05 09:37:35.009261,-0.18577571441286736,0.0986095419331445,-0.26387201401753,0.07732923551045864,-0.040756505538478975,-0.09600274097239424
2024-11-05 09:38:35.009261,0.31731164477648915,0.033865860200385886,0.21828949744958043,0.0950813145384432,-0.03697214828086363,-0.06147056394953079
2024-11-05 09:39:35.009261,-0.4086599917233988,-0.023042759246369907,-0.2690561834988856,-0.027377838562857616,0.02074573494708434,-0.024244800268019624
2024-11-05 09:40:35.009261,-0.09490050602340601,-0.11647185477690458,-0.06429065279655494,0.04982465071011121,0.01986643806376298,0.02721652064119782
2024-11-05 09:41:35.009261,0.2997654345910667,0.10196485254791335,-0.2162629488489615,-0.03687374003636235,0.0256591467699846,0.0014706267141667197
2024-11-05 09:42:35.009261,-0.35063845963657464,0.1079717873702455,-0.14464319874470313,0.05909067161341491,-0.07940241393850836,-0.005142954733542942
2024-11-05 09:43:35.009261,0.11117936630002363,-0.03672733009522936,0.07000267312780024,-0.1290282227094123,-0.055324454250216225,-0.10960714078383517
2024-11-05 09:44:35.009261,0.08815754161128905,-0.04206701397502557,0.16850536047705758,-0.017260000186344254,0.023883924887820377,0.07550119306029718
2024-11-05 09:45:35.009261,-0.07402114127533542,0.08191376234287037,0.15073796884134777,0.00920420437796217,0.030307022767222493,-0.016857214418124798
2024-11-05 09:46:35.009261,0.3022298623920411,-0.09410979160864182,-0.19739002569947608,-0.015625340941178668,-0.014637667128026987,-0.13260429138356972
2024-11-05 09:47:35.009261,0.3645242067264671,0.22507924761199552,-0.059298566269356624,0.0501376788216695,-0.06883127513030049,-0.0169539647109365
2024-11-05 09:48:35.009261,-0.22610013543603272,0.35780692852676405,0.19164444060321434,0.044482421457311176,-0.056898178796795415,0.031041112565396614
2024-11-05 09:49:35.009261,-0.13693008326165168,-0.2822222601633774,-0.30050674076349887,-0.06514711407601748,0.01716385509295356,0.04474589968852431
2024-11-05 09:50:35.009261,-0.09784060689915479,-0.17405235910246802,0.0265561609283069,-0.05501934527710844,-0.07231739305762257,-0.0865640950910773
2024-11-05 09:51:35.009261,-0.19675509891262585,0.5263788623930346,0.1165333010133562,0.03900260433472344,-0.10676746867018073,-0.026304005602498067
2024-11-05 09:52:35.009261,0.0376221240707669,-0.26465295863242116,0.06335048185295654,0.0663607303081818,-0.0183516287791518,0.027897697159223644
2024-11-05 09:53:35.009261,0.053442236309174634,-0.09512215072510309,0.2619580242055784,0.0723985026585579,-0.03395528765897967,-0.03132996891244596
2024-11-05 09:54:35.009261,-0.19711535097248217,-0.15190066883154082,-0.0021291285670782772,-0.0321459553200728,0.09877064616256291,0.06175532550542364
2024-11-05 09:55:35.009261,-0.090376513189383,0.12491651912134408,0.032686822288347024,-0.030238849444056387,0.09873268681616248,0.1814105459010009
2024-11-05 09:56:35.009261,0.14303414597255015,0.3679739566843935,0.11844879515458988,0.003532183453557548,0.01448215915816147,-0.05452901369451246
2024-11-05 09:57:35.009261,-0.07190113356956233,0.04520163516814515,0.04300668372169762,-6.183733090994135e-05,0.10676723912458955,-0.07713789448241372
2024-11-05 09:58:35.009261,-0.2110882573430225,0.14118015738164189,0.05106296684790691,0.009166343355056056,0.0005131820225261353,0.050647620697283735
2024-11-05 09:59:35.009261,0.03280485076345303,0.1373401894334683,-0.03677143723809756,-0.026186270916368472,-0.01580574988933648,0.03481607163483684
2024-11-05 10:00:35.009261,-0.04126767926210089,0.012406505809923522,0.04628872570202643,-0.010677500155646393,-0.020002608267062044,-0.9757483361509531
2024-11-05 10:01:35.009261,0.17585864633150464,0.020094912102768862,-0.0644913784794199,-0.01918873395713422,0.042021512960184915,-0.5341781825333516
2024-11-05 10:02:35.009261,0.1705243271159436,-0.043376079315724965,0.10919054151488393,0.022019082885660107,-0.0831580629935516,0.042870570134393465
2024-11-05 10:03:35.009261,-0.13162947586095777,0.12361561762872145,-0.04262411377463436,0.03353516347982913,0.006497883765187883,-0.001288334147144495
2024-11-05 10:04:35.009261,0.07214606922827811,0.010588020201722129,0.06820101685705747,0.024628379063430447,0.014962666438822613,-0.014363568248213929
2024-11-05 10:05:35.009261,0.021775298182562054,0.10668223115153742,0.11270951032168466,0.029230871962068094,0.02684530106765691,-0.019048262389160818
2024-11-05 10:06:35.009261,-0.012301322160835267,-0.0019533607901912396,-0.09834529818946018,0.015522327237543439,0.08547473222372767,0.03198904394697295
2024-11-05 10:07:35.009261,0.08283777415583193,0.03266540801831674,0.0025735741221086872,0.0023030672477366777,-0.045575377487384786,-0.019024653424937036
2024-11-05 10:08:35.009261,-0.005281680358787681,0.048260732745829475,0.031106436819730462,-0.005408734440038327,0.009177682719921683,-0.02656660412758857
2024-11-05 10:09:35.009261,0.07627686974515696,0.037308292703785204,-0.010355247787815247,-0.017515826599242817,-0.02872364120069699,-0.018819446029461204
2024-11-05 10:10:35.009261,0.02319242317058942,-0.1528611385705987,0.03344112551625105,-0.013157308858242301,0.015452458529785433,0.03606681803758801
2024-11-05 10:11:35.009261,0.11474592164722841,0.005037067888400098,0.23454174813422973,0.006973506937819487,-0.0009013851056465311,0.0248165603779744
2024-11-05 10:12:35.009261,-0.06270305716180859,0.10621878032003171,-0.014725818089692365,-0.006037879963009343,0.020378450125356863,-0.009715115914867557
2024-11-05 10:13:35.009261,-0.09548899418628042,-0.01638352470301749,-0.12021700572052091,-0.06684056749580093,0.042353006668290484,-0.02604408896002062
2024-11-05 10:14:35.009261,0.049303635480349585,0.08195453624181545,-0.0584754353996419,-0.06548526645731555,-0.05173481361451528,0.04793254209723873
2024-11-05 10:15:35.009261,-0.06429542393035974,0.18505958502046713,0.06443024050441541,0.0295479510549814,0.0023789746597641507,-0.0349215351150546
2024-11-05 10:16:35.009261,0.1043165075698831,-0.07533414812832359,-0.14095009971041647,-0.01463148483455333,-0.05965537345535555,0.05758968270395795
2024-11-05 10:17:35.009261,0.03664829941476172,0.08254559318180435,0.07963010023167297,0.003177991503956913,0.04745965180100131,0.011185383775433716
2024-11-05 10:18:35.009261,0.07731769856357246,0.0321735336190894,0.1313368809927552,0.0032626046947878276,0.010424716726075575,-0.03598655596737501
2024-11-05 10:19:35.009261,0.1736814963236087,-0.03215530867586521,0.03247359231532404,-0.013954991174161038,-0.01403858017192408,-0.021086585984858453
2024-11-05 10:20:35.009261,0.018194617207249467,0.1539524661999497,-0.11137545545672152,-0.015650865516592824,-0.03868203919249098,-0.01255964112839391
2024-11-05 10:21:35.009261,-0.04419587877561966,-0.16457472442707358,0.05285570064051223,-0.01189994043772062,-0.0013971527681462426,-0.0010542805240166203
2024-11-05 10:22:35.009261,-0.008482766783073708,-0.07332712765151607,-0.24929888787912602,0.014894631750972939,0.04009673299332027,-0.030233401353941647
2024-11-05 10:23:35.009261,0.027826730861004585,-0.036676214600467875,-0.08642055858286327,0.004119508334972577,0.03571404982009712,-0.017986136639649593
2024-11-05 10:24:35.009261,0.08502405150324635,0.0014996831340797264,-0.01262184573779212,0.013711048898704668,0.032657938163011546,-0.014105356133558905
2024-11-05 10:25:35.009261,0.20894747996078794,-0.10622481105122372,0.002750133142699804,0.008308665491681886,0.005757254131934919,0.09098617045273885
2024-11-05 10:26:35.009261,0.0645610820430586,5.5894528912115416e-05,-0.04846291430615373,-0.009309891766823113,0.0109710894333876,0.23932572741547314
2024-11-05 10:27:35.009261,0.029849261348142662,-0.023128844467382052,0.044690236077530504,-0.00030252358776658965,-5.381451751055395e-05,-0.0012989752138687365
2024-11-05 10:28:35.009261,0.021681364494110646,0.012349479152056189,0.04643861142731072,-0.008246515011312898,-0.0034955793571027293,0.005567167309825615
2024-11-05 10:29:35.009261,0.0030323591922674733,0.08152921814413354,-0.06330617103380093,0.0016801672132093284,-0.004184964258111122,0.0026534483326954112
2024-11-05 10:30:35.009261,0.006311685773191323,0.02994869372545638,0.0023842791408993976,0.0102022824484169,0.004571607722986702,-0.008291489566473404
2024-11-05 10:31:35.009261,0.009076072212040539,-0.03737132399234166,-0.015478404638618985,-0.005533225599598176,0.00038782436888861176,-0.010650787185407226
2024-11-05 10:32:35.009261,-0.006332381071101793,0.0047921543994876945,-0.010963783040086538,-0.00400262977082793,-0.009918571742245554,0.0005717379553567858
2024-11-05 10:33:35.009261,0.06307837819684675,-0.043053284722135536,0.04876256757727212,0.007927386591580207,0.0033148622446670566,0.0040509797594600805
2024-11-05 10:34:35.009261,-0.01995364869460239,0.04901595105108646,0.08266019052419796,0.004450950457053763,-0.003393299350953767,-1.947820639880986e-05
2024-11-05 10:35:35.009261,0.0392419227142623,-0.018886842120720743,0.05080764039602114,-0.0026860642146287242,0.0031241531130977115,-0.007990433902251888
2024-11-05 10:36:35.009261,0.11644531532425777,-0.0520354919710945,-0.14341107905425093,0.0020862472342915318,0.0034174869066581313,0.013473693153546499
2024-11-05 10:37:35.009261,-0.08839698059171985,0.06364721499269799,-0.04467553126052119,0.0001017178689445503,-0.019822211004284388,0.012237209759960956
2024-11-05 10:38:35.009261,0.05676310275177535,0.04676065191996372,-0.038233782472774376,0.0018982732353965918,-0.00988043043936724,-0.006227177354103984
2024-11-05 10:39:35.009261,-0.04059339536571061,-0.014588940395121583,-0.09493870650104312,0.008766853292692386,-0.007468481560894073,-0.0198155509320939
2024-11-05 10:40:35.009261,0.011422603450159897,-0.03162227621623455,0.05033818824758031,-0.0067120744692006126,0.0032883715661028807,0.008810782507766141
2024-11-05 10:41:35.009261,-0.09442349505505904,-0.05957145566149217,-0.03334795701296745,0.0008813705702196145,-0.00047653639863368255,0.006064577292884491
2024-11-05 10:42:35.009261,0.0003312939279141713,0.03482264238840642,-0.08325419151087751,-0.009402510041161884,-0.008000559549150812,-0.009469868221879183
2024-11-05 10:43:35.009261,-0.046032753112901746,0.029364865225300293,-0.01664077403771731,-0.003776704808767988,0.0036773473041178577,0.0048895821118482485
2024-11-05 10:44:35.009261,0.033911623500594755,0.029378755106972375,-0.0162277139909595,-0.0028583319314981104,0.0018310734609545294,0.002195403211135401
2024-11-05 10:45:35.009261,0.06457830016190823,0.028869352252942737,-0.0556882349422916,0.012928966187083,0.0024470711904412963,0.006208906890671196
2024-11-05 10:46:35.009261,-0.13973431935833416,0.09684216283916472,-0.0895350600949328,-0.006839956209838864,0.0006087944279700544,0.012961632487939943
2024-11-05 10:47:35.009261,-0.08781420155111998,0.042893089211896766,0.061335126489528075,-0.0062282053140190995,0.0020729345402909706,-0.008303713448850015
2024-11-05 10:48:35.009261,-0.0004980478221196079,-0.05443807035719353,-0.022242500439479077,0.008503102606666596,-0.001950286637288566,-0.010375407818090376
2024-11-05 10:49:35.009261,0.06186271380995235,-0.054673308809566945,0.03292840812912539,0.012824271491408613,-0.014606680927551293,0.0005031299425543919
2024-11-05 10:50:35.009261,-0.03138464729854657,0.07221853587470714,0.0859920748862176,0.00813868612436737,0.005555831352771309,-0.0042787205270725425
2024-11-05 10:51:35.009261,0.03399157214148976,0.020014283285879963,0.041575724237514926,0.002014756512833953,0.0004256720253397898,-0.001042803366414063
2024-11-05 10:52:35.009261,0.0445778934300825,0.027153080847371277,0.029580833631157443,-0.00850981987834996,-0.018614252823917817,-0.0015908673336637066
2024-11-05 10:53:35.009261,-0.038671206965976375,-0.119456090125728,-0.07760483053040987,0.004872546754888574,-0.006078693718752635,0.003935522952532085
2024-11-05 10:54:35.009261,-0.08538038925754955,-0.035291372942964645,-0.0034143576187310354,-0.0137284654392434,-0.009821938373146823,0.002524148615781573
2024-11-05 10:55:35.009261,0.01922052388775028,-0.06579345568356436,0.051379540048046936,0.0033501321134114304,-0.010369374158561357,0.011486804728419103
2024-11-05 10:56:35.009261,-0.02366992173940254,0.012593537627419995,0.014960755609763477,0.003876106585928098,0.0011865022324343303,-0.0062625698679885135
2024-11-05 10:57:35.009261,0.055385985915561875,0.12025282619236384,-0.040096085074533216,-0.006953428992271606,-0.0024443310643431056,0.0023150287187164147
2024-11-05 10:58:35.009261,-0.012716543420458734,-0.01535312352608268,0.03824151737535351,0.0022070116709270297,-0.00988173655549394,0.00520602433723182
2024-11-05 10:59:35.009261,0.017475045035272224,-0.016108827346805913,0.04581846991911783,0.0012049195717913554,0.0002724504828286049,0.01852905320397734
2024-11-05 11:00:35.009261,0.05199741150201539,0.10346286872822032,-0.07925586059741357,-0.004481583511417602,0.007932248854536776,0.0038701616678176844
2024-11-05 11:01:35.009261,0.1304829653321958,-0.05693084428207289,0.07304867708582571,0.00984403133030031,-0.011487764958330066,0.006986691062036769
2024-11-05 11:02:35.009261,-0.09499866588636346,0.0308153083294642,-0.03178951710782336,-0.0018747874128571566,0.0014127908146846179,0.0013052285022717668
2024-11-05 11:03:35.009261,0.07116830045821289,0.03389357071940724,-0.021769798896527713,-0.004520011853677586,-0.006650474552593969,0.0040366245713755215
2024-11-05 11:04:35.009261,0.02459952600071211,0.05201058484885264,-0.034275141926228006,0.005827454841572474,-0.008602886886967908,0.0003764594423904578
2024-11-05 11:05:35.009261,0.005393971462075133,-0.014209634896774676,0.03373213576889057,0.002168702438044602,0.006024729982425325,0.007479848180655243
2024-11-05 11:06:35.009261,0.01038325868971962,0.05289359038141717,0.008133406998495853,0.01137582209644837,-0.0018050658872884682,0.0153771987117153
2024-11-05 11:07:35.009261,0.06205742215396953,0.08434612162358746,0.028717129693583098,0.005632512409983694,0.01896184190617289,-0.0036554539576221096
2024-11-05 11:08:35.009261,0.01021728603017633,-0.0384408053754244,-0.05675928511965068,0.0015995451658955353,0.0017321621914850448,-0.0027124873735850023
2024-11-05 11:09:35.009261,-0.06110640903756989,-0.05216658966542027,-0.025228694655185846,0.0002939514992661098,-0.009596734404670158,-0.005195762680201011
2024-11-05 11:10:35.009261,0.043873959493102375,-0.027768658031219213,-0.004995981307938711,0.0023979833379525308,0.00667087181843774,-0.009692987849677813
2024-11-05 11:11:35.009261,-0.013254011756590075,-0.015603199245505414,0.0944149276347337,0.015181909259331947,0.008102181896474065,-0.0032124991615369563
2024-11-05 11:12:35.009261,-0.02610648627474618,0.02212703372408439,-0.05573850269331213,-0.009427221259475904,-0.010095150194602545,-0.0033432396977766147
2024-11-05 11:13:35.009261,-0.024592041262287444,0.06919882943818811,-0.019000145278472595,-0.0004153030973913874,-0.005862807706613385,-0.01149995361382221
2024-11-05 11:14:35.009261,-0.03663385199885556,0.03800987501883587,0.03453847925195663,0.004248826622697033,0.004634563029372863,0.01002722384758809
2024-11-05 11:15:35.009261,-0.08364073751377611,-0.018460130978800542,0.0506236904619102,0.00431449304955087,-0.003096497254509804,-0.004002766536956407
2024-11-05 11:16:35.009261,0.061281423417482994,-0.011668259185363319,0.016791834990881282,-0.012219924639860113,-0.014582510699965027,0.0023681174087237114
2024-11-05 11:17:35.009261,0.07500574826573368,0.029701828127645526,0.005467715902842963,-0.0016533717689757106,0.0028747671432767102,-0.00530124342722575
2024-11-05 11:18:35.009261,-0.07557207555051364,-0.14219691667091483,-0.02253696079723032,0.0007715904518523022,0.006961478661418638,-0.006089259739643634
2024-11-05 11:19:35.009261,-0.030136561993884765,0.012939831205000155,0.03488341089036031,-0.010774422239373197,0.0027708590873210624,-0.008657523597998738
2024-11-05 11:20:35.009261,0.01102822835661882,0.035853964112132285,-0.06336103012656084,-0.0026103420760859824,0.0018204692116029972,-0.00046118135690967923
2024-11-05 11:21:35.009261,-0.042837214419429594,0.0627153741797596,0.05267073667097417,0.005163885914409678,0.0007713083407839565,0.0034550151938916775
2024-11-05 11:22:35.009261,-0.02422634718566982,-0.03236594685169056,0.026061026962868133,0.0030329977763090777,-0.012860204248848718,0.004858928060902142
2024-11-05 11:23:35.009261,-0.03529990897474616,-0.034320694167247874,-0.005241366330184481,-0.00672961123555661,0.00504195391676316,-0.000750135979312727
2024-11-05 11:24:35.009261,-0.06621167270708045,0.03804018770211621,-0.048821616687773725,0.009432315614224982,-0.010900123295376792,-0.00951936967060411
2024-11-05 11:25:35.009261,-0.018181238082787494,0.023064280021008743,0.00808985644870388,-0.001962269789853181,0.0051546807534701864,0.00209669053342986
2024-11-05 11:26:35.009261,0.014374124781741908,-0.048394975544579694,-0.0436359472045307,0.005439761086565696,0.008229746307869554,0.004135235977622395
2024-11-05 11:27:35.009261,0.030236700252403794,0.014023897627589493,0.03311397195380054,0.004054732949008611,-0.0031498630525409817,0.007579419540674263
2024-11-05 11:28:35.009261,0.058314700987614425,0.006101766145714244,0.003686441232410232,0.01242255513974197,-0.009792920047169093,-0.004770388564178694
2024-11-05 11:29:35.009261,0.009812824729536918,-0.0516749447515573,0.05550291706445432,-0.003404382927915535,0.00415180456968231,0.009830067865475063
2024-11-05 11:30:35.009261,-0.05285107094519637,0.04245955559580566,0.04546982732161149,-0.0037172360638219725,0.007153135623824918,0.001737686307874071
2024-11-05 11:31:35.009261,-0.027767982794549333,-0.0088284831111937,0.004097453759273169,-0.02033063331459233,-0.003485501876808882,-0.004647901009064725
2024-11-05 11:32:35.009261,0.10751680693303597,0.059479887525360334,0.01053906385335113,0.008058603757493153,0.00893457003397039,1.5854184689203836e-05
2024-11-05 11:33:35.009261,0.03432630546419041,0.005013153161187894,-0.011656158545857527,0.011734619566947423,0.0044690211683274935,0.002339904241655054
2024-11-05 11:34:35.009261,0.027719036567266844,-0.004214554789002357,0.11253546989146333,0.0037307872101479244,-0.0003514748187855999,-0.021488305877543953
2024-11-05 11:35:35.009261,0.0007220700710954498,-0.058708755442065115,0.0847389176551516,0.0160484726782907,0.00879973117262991,0.0050182212998219535
2024-11-05 11:36:35.009261,-0.0486118244515344,-0.02497067540773563,0.07650202662019048,0.000439068799148642,-0.01246424110341883,-0.004382964799919233
2024-11-05 11:37:35.009261,0.058593763525932485,-0.044856638389800564,0.08727579639187011,-2.23640299900516e-05,0.012744737920694768,0.00348825142695242
2024-11-05 11:38:35.009261,0.03544675111847538,-0.04175864128589451,-0.002484513615294501,0.003022779378547734,0.002287306647394234,0.008367532001966922
2024-11-05 11:39:35.009261,-0.10935846589298164,0.058492131444959905,0.04822973305440757,0.011203388689565021,-0.00571027728558551,0.00761599551995875
2024-11-05 11:40:35.009261,0.06177631996297461,-0.020645656252742027,0.05272702900147458,-0.004753157352797912,0.009123285520847088,-0.005376104537938596
2024-11-05 11:41:35.009261,0.03369423150257725,0.035905354308007904,-0.04853413080048123,0.0009641174801440648,0.007516838562887131,0.004342868180245224
2024-11-05 11:42:35.009261,-0.02429845159586748,-0.00870322145802875,-0.050346507271895234,-0.0023496516614260783,-0.008183263461141265,-0.0015393943858768094
2024-11-05 11:43:35.009261,0.03643723436512326,0.030717235255507663,-0.007195983350818376,0.01600998473269239,0.0067365289754892105,0.013393152716281366
2024-11-05 11:44:35.009261,0.060114224009261606,0.05275928819109009,0.04392841160408126,4.285127205599794e-05,-0.01510405738726912,0.0091781724719497
2024-11-05 11:45:35.009261,-0.011389880766141131,-0.004460363972036241,0.048962872381823744,0.006395038519279057,-0.015882725309073517,-0.011244274577520691
2024-11-05 11:46:35.009261,-0.051740136112295464,-0.00899032941193002,-0.10687310293702146,0.0022018050686141927,0.007260591702857746,-0.011120901949952562
2024-11-05 11:47:35.009261,0.049767861990516964,-0.02594455974298856,-0.040293722838151164,-0.0004758283808924291,-0.011146711629479372,0.005698215390444061
2024-11-05 11:48:35.009261,-0.010200268847329297,0.011260361746772427,-0.04888274082899221,-0.007259101428572461,-0.007665059330298589,-0.008586887234801421
2024-11-05 11:49:35.009261,-0.00367150442997435,0.00814486662288823,-0.03391179550294629,0.0114628041239361,-0.013710252221902528,0.013410891770481005
2024-11-05 11:50:35.009261,-0.0077108701906789924,-0.07214901121266275,-0.027045272891679423,0.0032421354981496515,0.012265612059391256,-0.011616668003620826
2024-11-05 11:51:35.009261,-0.036469796111233625,0.057411027004877636,0.04736001236453674,-0.0009855112070674998,-0.0019090032681483556,0.008687817481654059
2024-11-05 11:52:35.009261,-0.027597540665023634,-0.005512960142128884,0.08263425677207992,0.005958459976445799,0.009473759229738253,-0.0018032877737733718
2024-11-05 11:53:35.009261,0.04670535660682761,0.02278261926461177,-0.059760463130577146,0.003806243138643453,0.005850767508110009,0.00788151010980564
2024-11-05 11:54:35.009261,0.11001955926630883,0.02794084352587948,-0.02868375647024794,-0.0009891615289033147,7.537568090769632e-05,0.0025807005966265797
2024-11-05 11:55:35.009261,0.02764690069070621,-0.05421238774592621,0.06770767849509404,0.017623385649435202,0.017774621613163996,-0.008774850528664786
2024-11-05 11:56:35.009261,-0.06896996002398965,0.029155536421544708,-0.13459214303969283,-0.007118569173477245,-0.004295562259707346,0.0005516821508023915
2024-11-05 11:57:35.009261,0.04389542253368803,-0.07247874367240378,-0.05728439868628856,-0.018261554088873942,-0.0029450360951218057,0.00926269368755744
2024-11-05 11:58:35.009261,0.07343128722227239,0.021237528560037175,0.04917812231088566,-0.0032736410567837876,-0.007704555885552825,0.0009954199450589775
2024-11-05 11:59:35.009261,0.08418447637690957,-0.09439136577616919,0.06455676598297896,0.006625246477913688,0.009361185188828594,0.0018232030802728804
2024-11-05 12:00:35.009261,-0.011065709858969213,0.010961057628579334,0.05718730867835264,-0.00816052025670408,0.01731087996916942,-0.007104968401682969
2024-11-05 12:01:35.009261,-0.008171668787653708,-0.01904041954780172,-0.0029084845499767462,0.0074266802544479555,0.003291515953990729,0.00483526586458784
2024-11-05 12:02:35.009261,0.0004894567413645741,0.023502492213174794,-0.014421738222937132,-0.007574243938645494,-0.004906487419211886,0.0009447761271682563
2024-11-05 12:03:35.009261,0.1159217137591797,-0.038843315777049275,-0.02026157410660013,0.002448738004559016,-0.0143006810710541,-0.0017838745414652194
2024-11-05 12:04:35.009261,0.04106731189466342,-0.09438850919783447,0.002793788620261753,-0.0007252490065049286,0.012162093570257524,-0.009442968955029505
2024-11-05 12:05:35.009261,0.07264502409552921,-0.0028275067615242343,-0.09192687293417848,0.003975203059795756,-0.008001783853364334,0.01113563519551832
2024-11-05 12:06:35.009261,-0.0031069442005100373,0.02407015457315968,0.013565877454736102,-0.01454683866812551,-0.004284695782315143,0.003931050372789691
2024-11-05 12:07:35.009261,0.024067087637609588,-0.022520828388422457,-0.07354081473066904,-0.0007622848618836725,-0.0038915329995359944,-0.0029703811003087377
2024-11-05 12:08:35.009261,-0.05550998538421379,0.05811973513015394,0.007321477979609928,-0.011206532973714408,0.002905118640220194,-0.010534502976037696
2024-11-05 12:09:35.009261,0.095772910814721,0.051671737820402575,-0.03199661067309083,0.0017545683119755055,0.0067213022607453595,-0.009513365325549158
2024-11-05 12:10:35.009261,-0.0344416484075848,0.011332834761638115,-0.08697483084780726,-0.0019190193090267175,-0.0020538677403907067,0.005407369195699018
2024-11-05 12:11:35.009261,0.04284247426948333,-0.06803451446357235,-0.04544228218371193,-0.0036884488600502337,0.00891948005633147,0.007924638714720761
2024-11-05 12:12:35.009261,0.06628950182313312,-0.054120289885657605,0.062223368034201025,-0.0030690588249157615,-0.0031644125078509723,-0.0006237009538759939
2024-11-05 12:13:35.009261,-0.04525473537990136,0.003437803899646565,0.024701743178243907,0.012415007505568107,-3.349103740745235e-05,-7.943798382231709e-05
2024-11-05 12:14:35.009261,0.0653243540160345,0.027182561986343584,0.040710977255711316,-0.0008026373141656069,-0.00483416894535511,0.01050409968178131
2024-11-05 12:15:35.009261,-0.10860007311135257,-0.06093559155073687,-0.04689578232253897,-0.004809704753259183,-0.013006653163927965,0.0011717843680409228
2024-11-05 12:16:35.009261,0.05840378106875899,0.05743999583591578,-0.06972237177298903,0.006061399134337514,0.0030601270461257843,-0.0014829765387550631
2024-11-05 12:17:35.009261,0.07140879684627308,0.04108692687896611,0.043874168991174904,-0.008312689462520062,-0.001950099231077109,0.005015881292286506
2024-11-05 12:18:35.009261,-0.05795987077480016,0.09061344565273925,-0.02940044052211009,0.002457113732785918,0.008522002497311491,-0.000607195383546919
2024-11-05 12:19:35.009261,0.08128427323348668,0.06563875426071084,-0.05492655388828363,-0.006337846879451792,0.0027429528258919138,0.0064742600934773005
2024-11-05 12:20:35.009261,0.052005350474834414,0.02206548992119807,-0.07717334979348076,-0.01184286460421867,0.0006109968459268493,0.0046558592051728735
2024-11-05 12:21:35.009261,0.03502688078992662,0.10714097649350984,-0.014095829871077027,-5.400990910464581e-05,-0.004179603051113374,0.0017938301614586181
2024-11-05 12:22:35.009261,-0.011341673980675107,-0.027902060971162043,0.07411944055677429,-0.009079520263672869,-0.013377476068314064,0.009015325226731393
2024-11-05 12:23:35.009261,0.07156848725419628,-0.023508210543577126,0.04792791204939664,0.0010295686033320757,-0.005770823656338413,0.013805793570663097
2024-11-05 12:24:35.009261,-0.05191059987093017,0.02527778618709586,0.014273581153366967,0.0034790616148618605,-0.006156735070819249,-0.0010000725788808504
2024-11-05 12:25:35.009261,-0.03250058770426228,0.036112179607831044,-0.06449449527612744,-0.002848836174699492,-0.01478645477404946,0.005493732943454841
2024-11-05 12:26:35.009261,0.13656485609026897,-0.014812301879472361,0.03461755389207235,-0.0047210483167336205,-0.01961139665170676,-0.003222130221026864
2024-11-05 12:27:35.009261,0.037665930483240406,-0.09661204035072349,0.03297565484485504,0.0010481592343603767,-0.005154047385633254,0.0039755339845368365
2024-11-05 12:28:35.009261,-0.023956767757195303,-0.03852393250169881,0.0680367862383762,0.0017728515939793735,0.001522626677889827,0.003164976100017328
2024-11-05 12:29:35.009261,-0.03410803014670497,-0.06816570301425211,-0.004820256297535537,-0.013210970039838442,0.00378150774763429,0.005435102781777257
2024-11-05 12:30:35.009261,0.011962572747975353,0.031401100307438326,-0.04213262499510285,-0.004460165231084734,-0.007543315645942216,-0.0017386388275070566
2024-11-05 12:31:35.009261,-0.0641292126867959,0.010130459882854997,0.05340633910509339,-0.004582275354455843,0.01001389061424117,0.008457009836810754
2024-11-05 12:32:35.009261,0.030621300722064728,-0.009503910369812076,0.005119353966132448,-0.0053490318015019835,0.0028906891895136037,0.006433610920423733
2024-11-05 12:33:35.009261,-0.046902520040220504,0.05635533851681297,-0.01693281527011804,0.006060496823936443,0.008114821906732994,0.0027084508393965044
2024-11-05 12:34:35.009261,-0.00608323737641117,0.029070783657748647,-0.03417401448182745,-0.000134281824212266,0.0023158011172709726,0.017976088667715436
2024-11-05 12:35:35.009261,0.007769126328283683,0.018667050099284967,-0.001625664252783614,0.005824236688130505,0.0014187619682882995,-0.0032503840483304393
2024-11-05 12:36:35.009261,0.04030019406459713,0.054277289056887,-0.10376524063415593,0.004278467349567049,0.004444247426162704,0.0010995592241530325
2024-11-05 12:37:35.009261,-0.058840757010164974,-0.010897544515615367,0.029415979644532412,-0.01810289335796397,-0.003007601164688685,-0.005582721662044506
2024-11-05 12:38:35.009261,0.044525142706923856,-0.05719255933574157,-0.038288000953527,0.009929887185523284,0.001778255261525373,-0.004599795183835635
2024-11-05 12:39:35.009261,-0.012433898657152595,-0.005061757617302717,0.034532503382190785,0.002550603746169374,-0.0037177402447196623,0.007090450479951041
2024-11-05 12:40:35.009261,0.03621595690202313,0.01658467941878572,0.11177537749947652,-0.00851939381361099,-0.0038854699162369807,0.0010454054005634627
2024-11-05 12:41:35.009261,0.025535456847249928,0.08974846423147932,-0.06488466916964185,-0.019774229021960424,-0.0030374003627022432,0.007874238432643444
2024-11-05 12:42:35.009261,-0.017640814586196263,-0.02569777378080724,0.007880277718237436,0.0141193571692412,0.011984820835852861,0.004706024134941065
2024-11-05 12:43:35.009261,-0.020252593634428852,0.02099968407099423,0.030853604496539254,0.0014615527406250987,0.00018550125144635156,0.00914978181442582
2024-11-05 12:44:35.009261,-0.022923657948890636,-0.07300669874884382,-0.041717680160533406,-0.012426492499453842,0.002030050010108866,-0.003974269091699674
2024-11-05 12:45:35.009261,-0.03792042353328577,0.0055329279545882765,-0.031615368623406616,0.007348963326395948,0.006755688060577877,0.0037695802787786523
2024-11-05 12:46:35.009261,-0.013145521266331051,0.05262043587940269,-0.006677728164267687,-0.003115646819207972,-0.0037638155820844685,-0.005933456537168758
2024-11-05 12:47:35.009261,-0.02653322658968126,-0.014450317666289203,0.012247091963868651,0.009438867273397093,-0.0018035942516122494,0.0003935367231819277
2024-11-05 12:48:35.009261,-0.08195437358296681,-0.04577740277960174,-0.08879173561818605,0.01343655949477734,-0.013079618433703338,0.00601986681147194
2024-11-05 12:49:35.009261,-0.045325915867170136,0.08285612120837488,0.042941151895168804,0.003273849878250353,0.0072157825878046335,-0.01053774465519119
2024-11-05 12:50:35.009261,-0.011458400689198707,0.055966719179331985,-0.027534991336420407,-0.006924287849015828,-0.013922888896642456,0.002375432737278575
2024-11-05 12:51:35.009261,0.034177637612682846,-0.03202396309947993,-0.0010773330823888277,0.011592093251918904,0.009826511902181298,-0.0020392947162350423
2024-11-05 12:52:35.009261,-0.0014579307927434406,0.032624215173901336,0.05405162680605949,0.007560654925655091,-0.0072954222951951055,0.0023627754284789395
2024-11-05 12:53:35.009261,0.0060590268420423,0.019218549919037885,-0.033992303340920696,-0.00795200751633441,-0.016600622794150782,0.005792504997658303
2024-11-05 12:54:35.009261,0.03127006956406101,0.012079886749150304,0.059202586336886735,2.270877685960965e-05,0.0037853549240464,0.00410703147063013
2024-11-05 12:55:35.009261,-0.06030829273182397,0.04667736519176272,0.08490354348746877,0.008186284180757078,0.010544119438191824,-0.004976857414248386
2024-11-05 12:56:35.009261,-0.0003910976205737652,0.033847592802809606,0.05459835914951764,0.01027730953783265,-0.0027027308335477764,-0.006709137488770636
2024-11-05 12:57:35.009261,-0.027780409642052233,-0.012914453222616012,-0.03674272412691642,0.005742131518633439,0.015780326299979948,-0.0008233613936078559
2024-11-05 12:58:35.009261,-0.007459824037615594,-0.01712101335139352,0.019899106364770283,0.011265009772520465,-0.007434722513053508,-0.00886776671260737
2024-11-05 12:59:35.009261,-0.14060085685504978,0.0671180284936749,0.03723953352273856,-0.008646743109918566,-0.011521577358826219,0.006935484094483324
2024-11-05 13:00:35.009261,-0.08705923294249089,0.06578953593022906,0.12459672687595566,-0.007066733781380836,-0.004104963657917428,0.016421543553410474
2024-11-05 13:01:35.009261,0.08350223181097892,0.027180345398906347,-0.01970778466038753,-0.0014714012564851016,-0.002919084764028547,0.007594077561486044
2024-11-05 13:02:35.009261,-0.021667470235813238,0.08717437720396312,-0.03856201845741122,-0.0009549778641501402,-0.007977005139315502,-0.004022624761451325
2024-11-05 13:03:35.009261,-0.019544043443842425,0.009591756615438542,-3.484582345632111e-05,-0.0013380133715163662,-0.0006812054307310445,-0.0030800509195852226
2024-11-05 13:04:35.009261,0.03697525700640429,-0.04196670214942093,0.016003602142089672,-0.00476988980226088,0.002981107378318251,-0.0016271192438637601
2024-11-05 13:05:35.009261,0.02525805909320302,-0.03138199853771163,0.016235244354604623,-0.008276526083147068,-0.003610935262392112,0.011234413405446576
2024-11-05 13:06:35.009261,-0.03029915714962065,-0.08565952611196792,-0.00401002084286481,0.004265083676181796,-0.0024034100814365952,0.025395111826250278
2024-11-05 13:07:35.009261,0.013378828852381777,-0.023861361396206194,0.028847395270406043,-0.008549014812311101,-0.00574200043674977,-0.005019928125269086
2024-11-05 13:08:35.009261,-0.08178867872310351,0.016801487062273517,-0.041253429686991853,-0.0074508222253701194,-0.005786744569796187,0.00915072909615311
2024-11-05 13:09:35.009261,-0.007199487369925832,0.05279842328218898,-0.045594373374475666,0.0017145192457425752,-0.00032560534120629165,-0.022612392820412427
2024-11-05 13:10:35.009261,0.061314357833540375,0.018836101223342016,-0.04757871161977886,-0.013455608808775067,-0.008074662514000307,-0.008798932853392316
2024-11-05 13:11:35.009261,0.026676144855698757,0.04376415937430679,-0.004924684736958654,0.00560468170631854,-0.005837030471752898,0.02154489138435758
2024-11-05 13:12:35.009261,-0.04964349472527819,0.0801997241322281,0.10014130725825535,-0.0044608722455144086,0.004373895604676236,-0.006379141742737519
2024-11-05 13:13:35.009261,-0.01587383791811212,-0.07947792524470874,0.05801892862730956,0.0019619769777631723,-0.008943353054495283,-0.0070927048494193205
2024-11-05 13:14:35.009261,0.0247840175764835,-0.044437468584761164,-0.07177143925037897,-0.001750560369919912,0.009287903771466028,-0.004525686738093963
2024-11-05 13:15:35.009261,0.13165414100671738,0.030508273466854325,0.0009694432767217805,-0.004055225753882787,0.005766441398525358,0.02269969347345684
2024-11-05 13:16:35.009261,-0.004027910493690502,-0.017812036190765646,-0.015438016036999241,-0.012826619372458447,0.0073568622062767045,0.01514706538471454
2024-11-05 13:17:35.009261,0.05222197791753207,-0.06406037403743246,0.024252844810927415,-0.002519455452636486,-0.004211987784566089,0.007395466128954963
2024-11-05 13:18:35.009261,0.05415348602541544,-0.030054732037937227,0.0024522698420696093,0.0038418094000384215,-0.007632773558005392,0.002258752418005678
2024-11-05 13:19:35.009261,-0.06392386525183565,-0.07632807010332979,0.0787473460324241,-0.012899697761862734,0.01693403074207939,0.0008030286730343867
2024-11-05 13:20:35.009261,-0.0015266598565957933,0.06340291309695721,0.05307886620938381,-0.005636828718258718,-0.007165445282345898,0.01236600342233129
2024-11-05 13:21:35.009261,-0.04503094164316097,-0.08351867419522871,0.0010127811271881794,-0.007257640442964205,0.004217975119239692,0.005026768792813049
2024-11-05 13:22:35.009261,-0.01120690354634776,-0.04434123008992719,0.06696067066352455,0.012702557360016617,0.001347032331516305,0.0035030863470310826
2024-11-05 13:23:35.009261,0.003480662966290625,0.04725092659270652,0.048453456390143194,-0.003414016354707317,0.002155532824827038,0.013921265346453692
2024-11-05 13:24:35.009261,0.026414744734864114,0.019858361820372275,-0.058583093715095874,-0.0036852602342652436,-0.0011630430362612849,0.0026526986378086707
2024-11-05 13:25:35.009261,0.04799343422345213,-0.003985662233186236,0.06036122840366172,0.0007838929540968848,-0.0021484401606044487,0.003143109903262647
2024-11-05 13:26:35.009261,0.001336272961027759,0.005934373783577589,-0.023186031127885153,0.01440167251914118,0.004368957180102917,-0.00303655378031913
2024-11-05 13:27:35.009261,-0.014386001969106771,-0.009915211731717282,0.055871979405380176,-0.004831106305031159,-0.0008318262286147127,-0.001629240754142287
2024-11-05 13:28:35.009261,0.006153291360916118,-0.06473925257198293,0.04420988132116356,-0.014506752597981367,0.010121297785192442,0.0006477365956709108
2024-11-05 13:29:35.009261,0.06381217932731444,0.0069920713093881,-0.027880248023122917,-0.005349648853882867,0.0009746919499988463,0.013928839311567891
2024-11-05 13:30:35.009261,-0.11258795080156322,0.016433127021087002,-0.014922784558812628,0.007933757395321652,-0.00935226935396836,-0.0009828300236500002
2024-11-05 13:31:35.009261,-0.08904417755136733,0.0305808617644699,0.050487873527935885,-0.010481156354583788,0.0010096592646262404,0.009149038233280388
2024-11-05 13:32:35.009261,0.06226065784029647,-0.061287880652148526,0.021653939643675665,-0.008829915153760444,0.004738940280851679,-0.0014576834017258893
2024-11-05 13:33:35.009261,-0.016288456139096054,-0.0025812393555362106,-4.9530796437744316e-05,-0.01306160423488904,-0.0017907759235429338,0.006452565600571991
2024-11-05 13:34:35.009261,0.021346328086769815,-0.03740499273632758,-0.013323837359917328,0.005354733832238514,-0.003247493435661642,0.008320944277948465
2024-11-05 13:35:35.009261,0.01297615625494231,-0.08992278446219125,-0.015587923809052094,-0.008796195081940563,0.00859376895355123,-0.013211940426568279
2024-11-05 13:36:35.009261,-0.0030001660824091293,-0.08402030694763798,-0.03813464151139853,-0.002774397509827552,-0.015663740947233114,0.005086041341905842
2024-11-05 13:37:35.009261,-0.07665668671618109,0.022013996363027394,-0.020360063012911336,-0.0023643374929719343,-0.005721214206137424,-0.0043088486718384994
2024-11-05 13:38:35.009261,-0.06372116288214263,0.07721790925836275,-0.004878917718653283,0.0017017435196642404,-0.0009319374821204741,-0.00490487651366148
2024-11-05 13:39:35.009261,0.0362460380585124,-0.0020472675297768116,-0.000276715503594871,-0.012031187508985488,-0.010544049736592127,-0.0041211336944680195
2024-11-05 13:40:35.009261,0.07401821394744545,-0.013968702557420932,0.054755783838807096,0.0012390536725513386,0.01733454849710924,0.012984537090967002
2024-11-05 13:41:35.009261,0.029822840410658916,0.024520965595598302,0.04111272502190367,-0.009493002751631518,0.0009977221901270174,-0.0011957855937048858
2024-11-05 13:42:35.009261,0.04105451654397918,-0.012007967748963459,0.013700113608154152,0.015255899540647454,-0.010519385101308738,0.004327765598161725
2024-11-05 13:43:35.009261,0.050412433645354984,-0.05691036671734721,-0.05372972161903504,-0.0016760250038246939,0.0034968267140512246,-0.0025000047517977886
2024-11-05 13:44:35.009261,-0.04131960116238658,-0.10463599119087508,-0.07184236579571147,-0.0057328830588858895,-0.009161442642881464,-0.0033190022587574765
2024-11-05 13:45:35.009261,-0.02991820381990362,-0.014030743063857798,-0.032559338955627515,-0.0062597762621877705,0.014535071781514315,-0.007083202601840824
2024-11-05 13:46:35.009261,-0.0014940477687078867,0.05209538414156431,0.05401784664714109,-0.0029789053313927045,-0.007324688811978862,-0.013162235348250747
2024-11-05 13:47:35.009261,0.05061577414182124,0.1769391254312518,-0.06271581306353027,-0.00983230190193986,0.0041115446448713325,-0.004767363729885756
2024-11-05 13:48:35.009261,-0.05560601881658766,0.1279999704113032,0.08651220974193972,0.00815003173287693,-0.0012750074780757642,-0.003671990824703597
2024-11-05 13:49:35.009261,0.06434332745174073,0.04704599206352517,-0.0915241262102068,0.008303021916292293,-0.011070252108944705,0.007537463323572017
2024-11-05 13:50:35.009261,-0.004878397980791535,0.040027844264719,-0.052005210375751384,-0.0003894910231191018,0.009172729779465238,0.011231195403069827
2024-11-05 13:51:35.009261,-0.030779661298492425,-0.01330132816646486,0.039829630520439314,-0.004382362727715236,0.0023759417914945074,0.0037559812688870552
2024-11-05 13:52:35.009261,0.1019390970140522,-0.08081600357375215,-0.028852101131493793,0.004515831043958362,0.0032213533862650127,0.006510296228982404
2024-11-05 13:53:35.009261,0.0005802835902572032,-0.0027144974350899404,-0.06292895078352173,-0.00795833128877977,0.003717271989422076,0.013052373591585793
2024-11-05 13:54:35.009261,-0.06928913293540169,0.05872389600816738,0.034496888429729304,-0.002052355949347316,0.010860820655570489,0.016174726847129475
2024-11-05 13:55:35.009261,-0.04356281541711603,-0.07137746323669718,-0.010869590930736809,-0.005489175626132984,0.004607565234067903,-0.002097108682979584
2024-11-05 13:56:35.009261,0.06766300220805906,-0.0974100540249099,0.000533433032791665,0.00489514227042716,0.003759216819237374,0.011736590744819834
2024-11-05 13:57:35.009261,0.03427736760698642,0.037610356744358406,-0.04519773651188766,0.0005014408719120551,-0.0032070309712397714,-0.009413963834357515
2024-11-05 13:58:35.009261,0.061503412011126586,-0.04854575188752656,-0.02279186384373584,-0.0010175192148897975,0.0010899770535694258,0.01030081366511876
2024-11-05 13:59:35.009261,0.040298250210925174,-0.04220786965798207,-0.08668173771327586,-0.0005233121078380242,0.019405080715747654,0.009153752672717931
2024-11-05 14:00:35.009261,0.007033355412863899,0.03381573657248312,-0.05243916936670693,-0.0026259416770476078,-0.007131536205192098,0.0074711363500937315
2024-11-05 14:01:35.009261,0.03532018161756924,0.0919158821743305,-0.004085988719596276,0.01144538879264331,-0.0068254115146837635,0.008119405055495958
2024-11-05 14:02:35.009261,-0.03940395851000737,0.06780663937166372,0.09737998605971339,-0.004084694913864772,0.0033381337332362344,-0.005940698746060839
2024-11-05 14:03:35.009261,0.05233683543758757,0.07221872023690523,-0.05436182447512543,0.0018595728222535865,0.0002117704827635427,-0.00972386869402028
2024-11-05 14:04:35.009261,0.11760438308206668,0.0693517981786471,0.01107815957175177,-0.0013314548702170709,0.0066183049502498625,0.000725380602043256
2024-11-05 14:05:35.009261,-0.06011567293392202,0.0974196747095349,-0.03796541162096828,0.006674871322779987,0.007697073712526693,0.004485878480707095
2024-11-05 14:06:35.009261,-0.014307303014073819,0.017091389419068306,-0.01567798472963312,-0.0028520700070186348,0.01181949762928235,0.0038990957064345844
2024-11-05 14:07:35.009261,0.052620855233395464,0.003729879065656285,-0.010336979288493654,0.0021228625254986326,0.0033877815263007654,-0.004367570401615668
2024-11-05 14:08:35.009261,-0.03915396040211185,-0.001654577960427064,-0.07598622764436486,-0.0020444833623070057,0.013196795344647873,0.012261499033130068
2024-11-05 14:09:35.009261,-0.057802273979378524,-0.057718189732306045,0.10732733172366392,-0.007573957095847178,-0.0033285378787337094,-0.0018599549578416895
2024-11-05 14:10:35.009261,0.01234560269919551,0.04218886218375524,-0.013139185996309543,-0.008620480544693412,-0.0057715272971367556,0.011852457246505885
2024-11-05 14:11:35.009261,-0.05968853652035605,0.02445027979954544,0.08877811091874967,-0.004279747866338639,-0.017969309238112196,0.0027402855281955614
2024-11-05 14:12:35.009261,0.03242598424103785,-0.0035147225398028193,0.038608969323897895,-0.0020788839220248017,-0.0011381425080403366,0.00978755273041489
2024-11-05 14:13:35.009261,-0.017974007958562535,-0.06186450155683321,0.0573992969378411,-0.00883628480328851,-0.0006223884804370697,0.004249749470107316
2024-11-05 14:14:35.009261,-0.03865185739507973,-0.004809904983058085,0.07165025920460191,-0.007982224320738621,-0.010012474891867228,0.005032295434737159
2024-11-05 14:15:35.009261,-0.0652819421765308,0.020778567341853474,-0.04100797924312211,0.0056309026723480775,-0.014474268568931442,-0.013650236369936659
2024-11-05 14:16:35.009261,0.04694921973674935,-0.026126234041387683,-0.09582557714731511,0.015298795337844855,-0.0012668174257446647,-0.009279245182031493
2024-11-05 14:17:35.009261,0.03668856515448203,-0.10102713624210709,0.018268319054056206,0.0008776864463996382,-0.0075427468794479246,0.006713712597016039
2024-11-05 14:18:35.009261,0.051548483262258235,-0.0712201124960495,0.02138981490339963,0.0001237586865075784,0.011368721978880142,-0.00535646712754882
2024-11-05 14:19:35.009261,0.008281486115919839,0.0007379050177924678,0.08022167604394391,-0.010801123311709569,-0.002862038043178579,-0.003991815334223831
2024-11-05 14:20:35.009261,0.0351986535182878,0.07096020922425596,0.0017916158081849826,0.005494757777143069,0.010972324447383615,0.0032676609589555976
2024-11-05 14:21:35.009261,0.04086593648799795,0.030264076823601733,0.05139056954147053,-0.0047823556745758364,0.005737027778718886,-0.010538578386289453
2024-11-05 14:22:35.009261,-0.04186522066821982,-0.033882253505257115,-0.040213961031614454,0.004276264578689024,0.0041564936275418195,-0.0037266632435335174
2024-11-05 14:23:35.009261,-0.003021656513850822,-0.011343512302947233,0.009203928258052801,-0.010945381618797241,-0.0003702660299218061,0.0019368542986038899
2024-11-05 14:24:35.009261,0.017396034511153558,0.0266158045474298,-0.05109175990107648,0.012114538291592989,-0.011007181451624043,0.013708953882006577
2024-11-05 14:25:35.009261,-0.029377283496760376,0.02010486159189128,-0.06497652941303364,-0.008977854363175877,0.003827743453317776,-0.006991206083777309
2024-11-05 14:26:35.009261,0.05565571999565182,-0.00383395377012204,0.0038171248469085926,-0.003221152802752895,0.007342197607905217,0.0005903886447514792
2024-11-05 14:27:35.009261,0.030728037665238597,0.06587574605978914,-0.008314662769250965,-0.0013443852462107525,0.004825752148596788,0.004460143135650047
2024-11-05 14:28:35.009261,-0.0024509790214187516,0.10759340109658065,0.005707439789303127,-0.007682881858542171,0.00110506987207244,0.010346097727309659
2024-11-05 14:29:35.009261,-0.002726176805346254,0.09379541799541154,0.014138731070116657,-0.0051605856341738615,0.00530724966285298,0.006558679526117383
2024-11-05 14:30:35.009261,-0.01468252413954762,0.04917020184998563,-0.014959562596285222,-0.007243207877870339,-3.9311711529110096e-05,-2.0027290438105236
2024-11-05 14:31:35.009261,-0.01556888928140724,0.09868995473780288,-0.07839401749230512,-0.010248968529339573,0.0023492751531986812,-1.988385949111243
2024-11-05 14:32:35.009261,0.00593483811592538,0.006903115568222919,-0.07598167307755717,0.0009716956803591496,0.002245903039325932,-2.0025826902478805
2024-11-05 14:33:35.009261,-0.09813018108257117,-0.012911102830427857,0.02219991286012084,-0.00300611754583639,-0.0005215036528543336,-1.9896326486318334
2024-11-05 14:34:35.009261,-0.08789820783549383,-0.06383655162286737,-0.04358276117286771,0.0007535981536253061,0.005513959061474528,-2.007127218667454
2024-11-05 14:35:35.009261,-0.08146033141507959,0.017796262472203398,-0.0320659032564564,-0.0012651269374776514,-0.011482616831965138,-2.0032847581730895
2024-11-05 14:36:35.009261,-0.08733496955527774,0.15129542286045264,0.08885090559879365,0.003873198517117722,-0.011255920849022563,-1.9974488043187706
2024-11-05 14:37:35.009261,0.03146815443225274,-0.021063929913509555,-0.004392164926123137,0.0038637080187490075,0.004258948960865654,-1.9995795632426439
2024-11-05 14:38:35.009261,0.07649752639364256,-0.10268889047805373,-0.010321896089760366,-0.0015369471841134793,-0.0137488441557256,-1.9859427780750056
2024-11-05 14:39:35.009261,-0.009734648542921023,0.06705320445249195,-0.033875696932286925,-0.007895386339897796,-0.0003119899553388876,-2.014683859751012
2024-11-05 14:40:35.009261,-0.03640105694145325,0.03932931302520841,-0.07251600848579036,0.0016473999941325112,-0.013457059672962238,-2.002582740431415
2024-11-05 14:41:35.009261,0.044925657095860466,0.04995941898297969,0.10066023174770976,0.006929968848553122,0.003596815842151378,-1.9960384360141055
2024-11-05 14:42:35.009261,-0.09942322622922924,-0.06609883449266042,0.09112311492108106,0.00856217241784187,0.0003464059973424314,-1.9769676761026556
2024-11-05 14:43:35.009261,-0.019704485615281913,0.015239751425098752,0.028600207897476082,0.009586731692260974,-0.005193553424134176,-1.9935257886004103
2024-11-05 14:44:35.009261,0.013726777658533432,-0.12198616628694746,-0.010692202991716705,0.007856032714188645,-0.008677919499579616,-2.0095261173061068
2024-11-05 14:45:35.009261,0.03380949073663504,-0.002065018314856883,0.01268280474057294,0.002634627274486235,0.00030115217308116795,-1.999280121174179
2024-11-05 14:46:35.009261,0.03082755293403299,-0.001476631759615557,0.04172051003810861,-0.0034154822319155255,-0.013692037218806727,-1.9990112912049791
2024-11-05 14:47:35.009261,-0.08999375293346816,0.02316484296806588,-0.04543674060098577,-0.0035250302268767394,0.0033323491850729327,-2.0002301264159708
2024-11-05 14:48:35.009261,0.006662668016004944,-0.07705396791076619,0.11003579755763637,-0.003744085672734549,0.005374847817610048,-2.010406844362336
2024-11-05 14:49:35.009261,0.09528089523817934,-0.01360683059453973,-0.06843806430836454,-0.004346885385340111,-0.0004820291905082822,-2.0142640173174375
2024-11-05 14:50:35.009261,0.05119248640400075,-0.022618566712893036,-0.04549612542763182,-0.0096480157402415,0.0007336416761273556,-2.00071850681469
2024-11-05 14:51:35.009261,0.04719422906449063,0.010282309313992148,-0.01714559801537344,0.00987827010708259,0.0019805659321914812,-1.994106537210706
2024-11-05 14:52:35.009261,0.007054406059579524,-0.02900810169071141,-0.08086720034592716,0.0009528148803431135,-0.005652684547555095,-1.9824578766497318
2024-11-05 14:53:35.009261,-0.07038133339674521,0.08832535897214298,-0.12395981686676112,-0.005779995095792746,0.003366316162896624,-1.9934530262201053
2024-11-05 14:54:35.009261,0.07600270827167188,0.05758032049193523,-0.05762156579401301,-0.0027441727148894016,0.0056174221918441425,-2.0012470049743074
2024-11-05 14:55:35.009261,0.004199596637391421,0.007416856112492478,0.11690960475159878,-0.004583808973932509,-0.005114450713611664,-1.9981610366024183
2024-11-05 14:56:35.009261,0.04450354030248082,0.018693958403383663,-0.05750240530265282,0.01679891982080109,0.013999707898549443,-1.9981257927067166
2024-11-05 14:57:35.009261,-0.0046161705466908455,-0.02131582940395646,-0.056851099883309913,-0.014382035791447563,0.001994786509957147,-1.9889195619965314
2024-11-05 14:58:35.009261,0.01945840301563942,-0.03376394752837149,0.14631559635239744,-0.029244381836916182,0.0008133142834259162,-0.9797877684425385
2024-11-05 14:59:35.009261,-0.11555547326562084,0.06515164573526533,-0.013375186786445515,0.02924138895509004,-0.02332494951362729,-1.0323750108299201
2024-11-05 15:00:35.009261,0.0738700369925816,-0.07509906900635317,-0.2172927415025414,0.009079739117310498,0.02246011072663074,-0.9986645237469182
2024-11-05 15:01:35.009261,0.024478819158999833,0.0011210544016747011,-0.025139189677309617,0.020809657667603794,0.004261425599992062,-0.6726952597418477
2024-11-05 15:02:35.009261,-0.07450451333379772,0.06368661269543713,-0.016953220876702448,0.005565558310366594,0.007877998406497574,-0.020475534731605467
2024-11-05 15:03:35.009261,-0.006106808653701705,0.002798536476062401,-0.003267259762464351,0.009513297693696968,-0.0030769722347599783,-0.0017996838511974728
